id_cidade,data,sensor,valor,cidade
23265102,2021-03-28 00:00:00,tempsologra2cm,22.04,Londrina
23265102,2021-03-28 00:15:00,tempsologra2cm,22.0,Londrina
23265102,2021-03-28 00:30:00,tempsologra2cm,21.92,Londrina
23265102,2021-03-28 00:45:00,tempsologra2cm,21.98,Londrina
23265102,2021-03-28 01:00:00,tempsologra2cm,22.08,Londrina
23265102,2021-03-28 01:15:00,tempsologra2cm,22.09,Londrina
23265102,2021-03-28 01:30:00,tempsologra2cm,21.99,Londrina
23265102,2021-03-28 01:45:00,tempsologra2cm,21.85,Londrina
23265102,2021-03-28 02:00:00,tempsologra2cm,21.78,Londrina
23265102,2021-03-28 02:15:00,tempsologra2cm,21.66,Londrina
23265102,2021-03-28 02:30:00,tempsologra2cm,21.66,Londrina
23265102,2021-03-28 02:45:00,tempsologra2cm,21.7,Londrina
23265102,2021-03-28 03:00:00,tempsologra2cm,21.76,Londrina
23265102,2021-03-28 03:15:00,tempsologra2cm,21.77,Londrina
23265102,2021-03-28 03:30:00,tempsologra2cm,21.69,Londrina
23265102,2021-03-28 03:45:00,tempsologra2cm,21.69,Londrina
23265102,2021-03-28 04:00:00,tempsologra2cm,21.61,Londrina
23265102,2021-03-28 04:15:00,tempsologra2cm,21.47,Londrina
23265102,2021-03-28 04:30:00,tempsologra2cm,21.34,Londrina
23265102,2021-03-28 04:45:00,tempsologra2cm,21.19,Londrina
23265102,2021-03-28 05:00:00,tempsologra2cm,21.13,Londrina
23265102,2021-03-28 05:15:00,tempsologra2cm,21.16,Londrina
23265102,2021-03-28 05:30:00,tempsologra2cm,21.2,Londrina
23265102,2021-03-28 05:45:00,tempsologra2cm,21.17,Londrina
23265102,2021-03-28 06:00:00,tempsologra2cm,21.13,Londrina
23265102,2021-03-28 06:15:00,tempsologra2cm,21.08,Londrina
23265102,2021-03-28 06:30:00,tempsologra2cm,21.01,Londrina
23265102,2021-03-28 06:45:00,tempsologra2cm,20.83,Londrina
23265102,2021-03-28 07:00:00,tempsologra2cm,20.73,Londrina
23265102,2021-03-28 07:15:00,tempsologra2cm,20.72,Londrina
23265102,2021-03-28 07:30:00,tempsologra2cm,20.74,Londrina
23265102,2021-03-28 07:45:00,tempsologra2cm,20.79,Londrina
23265102,2021-03-28 08:00:00,tempsologra2cm,20.93,Londrina
23265102,2021-03-28 08:15:00,tempsologra2cm,21.27,Londrina
23265102,2021-03-28 08:30:00,tempsologra2cm,21.62,Londrina
23265102,2021-03-28 08:45:00,tempsologra2cm,21.89,Londrina
23265102,2021-03-28 09:00:00,tempsologra2cm,22.15,Londrina
23265102,2021-03-28 09:15:00,tempsologra2cm,22.63,Londrina
23265102,2021-03-28 09:30:00,tempsologra2cm,23.2,Londrina
23265102,2021-03-28 09:45:00,tempsologra2cm,23.96,Londrina
23265102,2021-03-28 10:00:00,tempsologra2cm,24.57,Londrina
23265102,2021-03-28 10:15:00,tempsologra2cm,25.69,Londrina
23265102,2021-03-28 10:30:00,tempsologra2cm,26.13,Londrina
23265102,2021-03-28 10:45:00,tempsologra2cm,27.49,Londrina
23265102,2021-03-28 11:00:00,tempsologra2cm,29.21,Londrina
23265102,2021-03-28 11:15:00,tempsologra2cm,29.48,Londrina
23265102,2021-03-28 11:30:00,tempsologra2cm,30.27,Londrina
23265102,2021-03-28 11:45:00,tempsologra2cm,30.51,Londrina
23265102,2021-03-28 12:00:00,tempsologra2cm,30.11,Londrina
23265102,2021-03-28 12:15:00,tempsologra2cm,30.18,Londrina
23265102,2021-03-28 12:30:00,tempsologra2cm,30.67,Londrina
23265102,2021-03-28 12:45:00,tempsologra2cm,31.28,Londrina
23265102,2021-03-28 13:00:00,tempsologra2cm,31.44,Londrina
23265102,2021-03-28 13:15:00,tempsologra2cm,32.0,Londrina
23265102,2021-03-28 13:30:00,tempsologra2cm,32.07,Londrina
23265102,2021-03-28 13:45:00,tempsologra2cm,32.75,Londrina
23265102,2021-03-28 14:00:00,tempsologra2cm,33.44,Londrina
23265102,2021-03-28 14:15:00,tempsologra2cm,33.67,Londrina
23265102,2021-03-28 14:30:00,tempsologra2cm,34.23,Londrina
23265102,2021-03-28 14:45:00,tempsologra2cm,34.07,Londrina
23265102,2021-03-28 15:00:00,tempsologra2cm,32.46,Londrina
23265102,2021-03-28 15:15:00,tempsologra2cm,30.28,Londrina
23265102,2021-03-28 15:30:00,tempsologra2cm,28.83,Londrina
23265102,2021-03-28 15:45:00,tempsologra2cm,27.77,Londrina
23265102,2021-03-28 16:00:00,tempsologra2cm,27.11,Londrina
23265102,2021-03-28 16:15:00,tempsologra2cm,27.08,Londrina
23265102,2021-03-28 16:30:00,tempsologra2cm,27.43,Londrina
23265102,2021-03-28 16:45:00,tempsologra2cm,27.38,Londrina
23265102,2021-03-28 17:00:00,tempsologra2cm,26.37,Londrina
23265102,2021-03-28 17:15:00,tempsologra2cm,25.97,Londrina
23265102,2021-03-28 17:30:00,tempsologra2cm,26.58,Londrina
23265102,2021-03-28 17:45:00,tempsologra2cm,26.64,Londrina
23265102,2021-03-28 18:00:00,tempsologra2cm,26.5,Londrina
23265102,2021-03-28 18:15:00,tempsologra2cm,26.62,Londrina
23265102,2021-03-28 18:30:00,tempsologra2cm,26.31,Londrina
23265102,2021-03-28 18:45:00,tempsologra2cm,26.06,Londrina
23265102,2021-03-28 19:00:00,tempsologra2cm,25.83,Londrina
23265102,2021-03-28 19:15:00,tempsologra2cm,25.46,Londrina
23265102,2021-03-28 19:30:00,tempsologra2cm,25.08,Londrina
23265102,2021-03-28 19:45:00,tempsologra2cm,24.61,Londrina
23265102,2021-03-28 20:00:00,tempsologra2cm,24.29,Londrina
23265102,2021-03-28 20:15:00,tempsologra2cm,24.17,Londrina
23265102,2021-03-28 20:30:00,tempsologra2cm,23.98,Londrina
23265102,2021-03-28 20:45:00,tempsologra2cm,23.81,Londrina
23265102,2021-03-28 21:00:00,tempsologra2cm,23.64,Londrina
23265102,2021-03-28 21:15:00,tempsologra2cm,23.46,Londrina
23265102,2021-03-28 21:30:00,tempsologra2cm,23.33,Londrina
23265102,2021-03-28 21:45:00,tempsologra2cm,23.24,Londrina
23265102,2021-03-28 22:00:00,tempsologra2cm,23.13,Londrina
23265102,2021-03-28 22:15:00,tempsologra2cm,22.99,Londrina
23265102,2021-03-28 22:30:00,tempsologra2cm,22.94,Londrina
23265102,2021-03-28 22:45:00,tempsologra2cm,22.9,Londrina
23265102,2021-03-28 23:00:00,tempsologra2cm,22.88,Londrina
23265102,2021-03-28 23:15:00,tempsologra2cm,22.77,Londrina
23265102,2021-03-28 23:30:00,tempsologra2cm,22.66,Londrina
23265102,2021-03-28 23:45:00,tempsologra2cm,22.68,Londrina
23265102,2021-03-29 00:00:00,tempsologra2cm,22.71,Londrina
23265102,2021-03-29 00:15:00,tempsologra2cm,22.68,Londrina
23265102,2021-03-29 00:30:00,tempsologra2cm,22.53,Londrina
23265102,2021-03-29 00:45:00,tempsologra2cm,22.47,Londrina
23265102,2021-03-29 01:00:00,tempsologra2cm,22.38,Londrina
23265102,2021-03-29 01:15:00,tempsologra2cm,22.38,Londrina
23265102,2021-03-29 01:30:00,tempsologra2cm,22.33,Londrina
23265102,2021-03-29 01:45:00,tempsologra2cm,22.37,Londrina
23265102,2021-03-29 02:00:00,tempsologra2cm,22.38,Londrina
23265102,2021-03-29 02:15:00,tempsologra2cm,22.36,Londrina
23265102,2021-03-29 02:30:00,tempsologra2cm,22.31,Londrina
23265102,2021-03-29 02:45:00,tempsologra2cm,22.19,Londrina
23265102,2021-03-29 03:00:00,tempsologra2cm,22.03,Londrina
23265102,2021-03-29 03:15:00,tempsologra2cm,21.91,Londrina
23265102,2021-03-29 03:30:00,tempsologra2cm,21.84,Londrina
23265102,2021-03-29 03:45:00,tempsologra2cm,21.8,Londrina
23265102,2021-03-29 04:00:00,tempsologra2cm,21.72,Londrina
23265102,2021-03-29 04:15:00,tempsologra2cm,21.67,Londrina
23265102,2021-03-29 04:30:00,tempsologra2cm,21.69,Londrina
23265102,2021-03-29 04:45:00,tempsologra2cm,21.72,Londrina
23265102,2021-03-29 05:00:00,tempsologra2cm,21.66,Londrina
23265102,2021-03-29 05:15:00,tempsologra2cm,21.58,Londrina
23265102,2021-03-29 05:30:00,tempsologra2cm,21.55,Londrina
23265102,2021-03-29 05:45:00,tempsologra2cm,21.43,Londrina
23265102,2021-03-29 06:00:00,tempsologra2cm,21.29,Londrina
23265102,2021-03-29 06:15:00,tempsologra2cm,21.26,Londrina
23265102,2021-03-29 06:30:00,tempsologra2cm,21.27,Londrina
23265102,2021-03-29 06:45:00,tempsologra2cm,21.26,Londrina
23265102,2021-03-29 07:00:00,tempsologra2cm,21.27,Londrina
23265102,2021-03-29 07:15:00,tempsologra2cm,21.15,Londrina
23265102,2021-03-29 07:30:00,tempsologra2cm,21.1,Londrina
23265102,2021-03-29 07:45:00,tempsologra2cm,21.07,Londrina
23265102,2021-03-29 08:00:00,tempsologra2cm,21.15,Londrina
23265102,2021-03-29 08:15:00,tempsologra2cm,21.36,Londrina
23265102,2021-03-29 08:30:00,tempsologra2cm,21.77,Londrina
23265102,2021-03-29 08:45:00,tempsologra2cm,22.18,Londrina
23265102,2021-03-29 09:00:00,tempsologra2cm,22.64,Londrina
23265102,2021-03-29 09:15:00,tempsologra2cm,23.2,Londrina
23265102,2021-03-29 09:30:00,tempsologra2cm,23.81,Londrina
23265102,2021-03-29 09:45:00,tempsologra2cm,24.44,Londrina
23265102,2021-03-29 10:00:00,tempsologra2cm,25.11,Londrina
23265102,2021-03-29 10:15:00,tempsologra2cm,26.03,Londrina
23265102,2021-03-29 10:30:00,tempsologra2cm,26.77,Londrina
23265102,2021-03-29 10:45:00,tempsologra2cm,28.01,Londrina
23265102,2021-03-29 11:00:00,tempsologra2cm,29.91,Londrina
23265102,2021-03-29 11:15:00,tempsologra2cm,30.35,Londrina
23265102,2021-03-29 11:30:00,tempsologra2cm,30.78,Londrina
23265102,2021-03-29 11:45:00,tempsologra2cm,31.01,Londrina
23265102,2021-03-29 12:00:00,tempsologra2cm,31.19,Londrina
23265102,2021-03-29 12:15:00,tempsologra2cm,31.81,Londrina
23265102,2021-03-29 12:30:00,tempsologra2cm,32.48,Londrina
23265102,2021-03-29 12:45:00,tempsologra2cm,33.1,Londrina
23265102,2021-03-29 13:00:00,tempsologra2cm,33.28,Londrina
23265102,2021-03-29 13:15:00,tempsologra2cm,32.96,Londrina
23265102,2021-03-29 13:30:00,tempsologra2cm,30.29,Londrina
23265102,2021-03-29 13:45:00,tempsologra2cm,28.13,Londrina
23265102,2021-03-29 14:00:00,tempsologra2cm,26.19,Londrina
23265102,2021-03-29 14:15:00,tempsologra2cm,24.09,Londrina
23265102,2021-03-29 14:30:00,tempsologra2cm,24.48,Londrina
23265102,2021-03-29 14:45:00,tempsologra2cm,24.98,Londrina
23265102,2021-03-29 15:00:00,tempsologra2cm,26.33,Londrina
23265102,2021-03-29 15:15:00,tempsologra2cm,27.35,Londrina
23265102,2021-03-29 15:30:00,tempsologra2cm,28.51,Londrina
23265102,2021-03-29 15:45:00,tempsologra2cm,27.76,Londrina
23265102,2021-03-29 16:00:00,tempsologra2cm,26.41,Londrina
23265102,2021-03-29 16:15:00,tempsologra2cm,25.6,Londrina
23265102,2021-03-29 16:30:00,tempsologra2cm,23.59,Londrina
23265102,2021-03-29 16:45:00,tempsologra2cm,21.98,Londrina
23265102,2021-03-29 17:00:00,tempsologra2cm,21.97,Londrina
23265102,2021-03-29 17:15:00,tempsologra2cm,22.61,Londrina
23265102,2021-03-29 17:30:00,tempsologra2cm,22.62,Londrina
23265102,2021-03-29 17:45:00,tempsologra2cm,22.4,Londrina
23265102,2021-03-29 18:00:00,tempsologra2cm,22.19,Londrina
23265102,2021-03-29 18:15:00,tempsologra2cm,22.09,Londrina
23265102,2021-03-29 18:30:00,tempsologra2cm,22.09,Londrina
23265102,2021-03-29 18:45:00,tempsologra2cm,21.92,Londrina
23265102,2021-03-29 19:00:00,tempsologra2cm,21.86,Londrina
23265102,2021-03-29 19:15:00,tempsologra2cm,21.7,Londrina
23265102,2021-03-29 19:30:00,tempsologra2cm,21.48,Londrina
23265102,2021-03-29 19:45:00,tempsologra2cm,21.07,Londrina
23265102,2021-03-29 20:00:00,tempsologra2cm,20.84,Londrina
23265102,2021-03-29 20:15:00,tempsologra2cm,21.01,Londrina
23265102,2021-03-29 20:30:00,tempsologra2cm,21.07,Londrina
23265102,2021-03-29 20:45:00,tempsologra2cm,20.96,Londrina
23265102,2021-03-29 21:00:00,tempsologra2cm,20.85,Londrina
23265102,2021-03-29 21:15:00,tempsologra2cm,20.92,Londrina
23265102,2021-03-29 21:30:00,tempsologra2cm,20.83,Londrina
23265102,2021-03-29 21:45:00,tempsologra2cm,20.7,Londrina
23265102,2021-03-29 22:00:00,tempsologra2cm,20.64,Londrina
23265102,2021-03-29 22:15:00,tempsologra2cm,20.59,Londrina
23265102,2021-03-29 22:30:00,tempsologra2cm,20.61,Londrina
23265102,2021-03-29 22:45:00,tempsologra2cm,20.58,Londrina
23265102,2021-03-29 23:00:00,tempsologra2cm,20.6,Londrina
23265102,2021-03-29 23:15:00,tempsologra2cm,20.53,Londrina
23265102,2021-03-29 23:30:00,tempsologra2cm,20.32,Londrina
23265102,2021-03-29 23:45:00,tempsologra2cm,20.12,Londrina
23265102,2021-03-30 00:00:00,tempsologra2cm,20.01,Londrina
23265102,2021-03-30 00:15:00,tempsologra2cm,19.94,Londrina
23265102,2021-03-30 00:30:00,tempsologra2cm,19.98,Londrina
23265102,2021-03-30 00:45:00,tempsologra2cm,20.02,Londrina
23265102,2021-03-30 01:00:00,tempsologra2cm,19.94,Londrina
23265102,2021-03-30 01:15:00,tempsologra2cm,19.85,Londrina
23265102,2021-03-30 01:30:00,tempsologra2cm,19.74,Londrina
23265102,2021-03-30 01:45:00,tempsologra2cm,19.54,Londrina
23265102,2021-03-30 02:00:00,tempsologra2cm,19.43,Londrina
23265102,2021-03-30 02:15:00,tempsologra2cm,19.32,Londrina
23265102,2021-03-30 02:30:00,tempsologra2cm,19.27,Londrina
23265102,2021-03-30 02:45:00,tempsologra2cm,19.22,Londrina
23265102,2021-03-30 03:00:00,tempsologra2cm,19.21,Londrina
23265102,2021-03-30 03:15:00,tempsologra2cm,19.23,Londrina
23265102,2021-03-30 03:30:00,tempsologra2cm,19.2,Londrina
23265102,2021-03-30 03:45:00,tempsologra2cm,19.18,Londrina
23265102,2021-03-30 04:00:00,tempsologra2cm,19.07,Londrina
23265102,2021-03-30 04:15:00,tempsologra2cm,19.05,Londrina
23265102,2021-03-30 04:30:00,tempsologra2cm,18.99,Londrina
23265102,2021-03-30 04:45:00,tempsologra2cm,18.99,Londrina
23265102,2021-03-30 05:00:00,tempsologra2cm,19.0,Londrina
23265102,2021-03-30 05:15:00,tempsologra2cm,19.07,Londrina
23265102,2021-03-30 05:30:00,tempsologra2cm,19.03,Londrina
23265102,2021-03-30 05:45:00,tempsologra2cm,19.12,Londrina
23265102,2021-03-30 06:00:00,tempsologra2cm,19.06,Londrina
23265102,2021-03-30 06:15:00,tempsologra2cm,18.91,Londrina
23265102,2021-03-30 06:30:00,tempsologra2cm,18.93,Londrina
23265102,2021-03-30 06:45:00,tempsologra2cm,18.75,Londrina
23265102,2021-03-30 07:00:00,tempsologra2cm,18.78,Londrina
23265102,2021-03-30 07:15:00,tempsologra2cm,18.65,Londrina
23265102,2021-03-30 07:30:00,tempsologra2cm,18.64,Londrina
23265102,2021-03-30 07:45:00,tempsologra2cm,18.64,Londrina
23265102,2021-03-30 08:00:00,tempsologra2cm,18.82,Londrina
23265102,2021-03-30 08:15:00,tempsologra2cm,19.05,Londrina
23265102,2021-03-30 08:30:00,tempsologra2cm,19.36,Londrina
23265102,2021-03-30 08:45:00,tempsologra2cm,19.81,Londrina
23265102,2021-03-30 09:00:00,tempsologra2cm,20.21,Londrina
23265102,2021-03-30 09:15:00,tempsologra2cm,20.78,Londrina
23265102,2021-03-30 09:30:00,tempsologra2cm,21.43,Londrina
23265102,2021-03-30 09:45:00,tempsologra2cm,22.22,Londrina
23265102,2021-03-30 10:00:00,tempsologra2cm,23.17,Londrina
23265102,2021-03-30 10:15:00,tempsologra2cm,23.62,Londrina
23265102,2021-03-30 10:30:00,tempsologra2cm,23.86,Londrina
23265102,2021-03-30 10:45:00,tempsologra2cm,25.39,Londrina
23265102,2021-03-30 11:00:00,tempsologra2cm,26.82,Londrina
23265102,2021-03-30 11:15:00,tempsologra2cm,26.97,Londrina
23265102,2021-03-30 11:30:00,tempsologra2cm,28.01,Londrina
23265102,2021-03-30 11:45:00,tempsologra2cm,28.9,Londrina
23265102,2021-03-30 12:00:00,tempsologra2cm,28.85,Londrina
23265102,2021-03-30 12:15:00,tempsologra2cm,29.64,Londrina
23265102,2021-03-30 12:30:00,tempsologra2cm,30.43,Londrina
23265102,2021-03-30 12:45:00,tempsologra2cm,29.99,Londrina
23265102,2021-03-30 13:00:00,tempsologra2cm,29.92,Londrina
23265102,2021-03-30 13:15:00,tempsologra2cm,30.64,Londrina
23265102,2021-03-30 13:30:00,tempsologra2cm,30.67,Londrina
23265102,2021-03-30 13:45:00,tempsologra2cm,31.48,Londrina
23265102,2021-03-30 14:00:00,tempsologra2cm,32.16,Londrina
23265102,2021-03-30 14:15:00,tempsologra2cm,32.38,Londrina
23265102,2021-03-30 14:30:00,tempsologra2cm,32.76,Londrina
23265102,2021-03-30 14:45:00,tempsologra2cm,32.54,Londrina
23265102,2021-03-30 15:00:00,tempsologra2cm,31.07,Londrina
23265102,2021-03-30 15:15:00,tempsologra2cm,30.89,Londrina
23265102,2021-03-30 15:30:00,tempsologra2cm,29.72,Londrina
23265102,2021-03-30 15:45:00,tempsologra2cm,29.38,Londrina
23265102,2021-03-30 16:00:00,tempsologra2cm,29.04,Londrina
23265102,2021-03-30 16:15:00,tempsologra2cm,28.52,Londrina
23265102,2021-03-30 16:30:00,tempsologra2cm,28.04,Londrina
23265102,2021-03-30 16:45:00,tempsologra2cm,27.53,Londrina
23265102,2021-03-30 17:00:00,tempsologra2cm,27.55,Londrina
23265102,2021-03-30 17:15:00,tempsologra2cm,27.81,Londrina
23265102,2021-03-30 17:30:00,tempsologra2cm,27.2,Londrina
23265102,2021-03-30 17:45:00,tempsologra2cm,26.87,Londrina
23265102,2021-03-30 18:00:00,tempsologra2cm,26.57,Londrina
23265102,2021-03-30 18:15:00,tempsologra2cm,26.01,Londrina
23265102,2021-03-30 18:30:00,tempsologra2cm,25.69,Londrina
23265102,2021-03-30 18:45:00,tempsologra2cm,25.41,Londrina
23265102,2021-03-30 19:00:00,tempsologra2cm,25.07,Londrina
23265102,2021-03-30 19:15:00,tempsologra2cm,24.73,Londrina
23265102,2021-03-30 19:30:00,tempsologra2cm,24.29,Londrina
23265102,2021-03-30 19:45:00,tempsologra2cm,23.98,Londrina
23265102,2021-03-30 20:00:00,tempsologra2cm,23.75,Londrina
23265102,2021-03-30 20:15:00,tempsologra2cm,23.57,Londrina
23265102,2021-03-30 20:30:00,tempsologra2cm,23.32,Londrina
23265102,2021-03-30 20:45:00,tempsologra2cm,23.12,Londrina
23265102,2021-03-30 21:00:00,tempsologra2cm,22.9,Londrina
23265102,2021-03-30 21:15:00,tempsologra2cm,22.73,Londrina
23265102,2021-03-30 21:30:00,tempsologra2cm,22.56,Londrina
23265102,2021-03-30 21:45:00,tempsologra2cm,22.34,Londrina
23265102,2021-03-30 22:00:00,tempsologra2cm,22.2,Londrina
23265102,2021-03-30 22:15:00,tempsologra2cm,22.07,Londrina
23265102,2021-03-30 22:30:00,tempsologra2cm,21.94,Londrina
23265102,2021-03-30 22:45:00,tempsologra2cm,21.88,Londrina
23265102,2021-03-30 23:00:00,tempsologra2cm,21.76,Londrina
23265102,2021-03-30 23:15:00,tempsologra2cm,21.65,Londrina
23265102,2021-03-30 23:30:00,tempsologra2cm,21.53,Londrina
23265102,2021-03-30 23:45:00,tempsologra2cm,21.47,Londrina
23265102,2021-03-31 00:00:00,tempsologra2cm,21.34,Londrina
23265102,2021-03-31 00:15:00,tempsologra2cm,21.2,Londrina
23265102,2021-03-31 00:30:00,tempsologra2cm,21.02,Londrina
23265102,2021-03-31 00:45:00,tempsologra2cm,20.8,Londrina
23265102,2021-03-31 01:00:00,tempsologra2cm,20.65,Londrina
23265102,2021-03-31 01:15:00,tempsologra2cm,20.39,Londrina
23265102,2021-03-31 01:30:00,tempsologra2cm,20.32,Londrina
23265102,2021-03-31 01:45:00,tempsologra2cm,20.31,Londrina
23265102,2021-03-31 02:00:00,tempsologra2cm,20.32,Londrina
23265102,2021-03-31 02:15:00,tempsologra2cm,20.29,Londrina
23265102,2021-03-31 02:30:00,tempsologra2cm,20.22,Londrina
23265102,2021-03-31 02:45:00,tempsologra2cm,20.13,Londrina
23265102,2021-03-31 03:00:00,tempsologra2cm,20.02,Londrina
23265102,2021-03-31 03:15:00,tempsologra2cm,19.94,Londrina
23265102,2021-03-31 03:30:00,tempsologra2cm,19.9,Londrina
23265102,2021-03-31 03:45:00,tempsologra2cm,19.9,Londrina
23265102,2021-03-31 04:00:00,tempsologra2cm,19.86,Londrina
23265102,2021-03-31 04:15:00,tempsologra2cm,19.76,Londrina
23265102,2021-03-31 04:30:00,tempsologra2cm,19.66,Londrina
23265102,2021-03-31 04:45:00,tempsologra2cm,19.57,Londrina
23265102,2021-03-31 05:00:00,tempsologra2cm,19.5,Londrina
23265102,2021-03-31 05:15:00,tempsologra2cm,19.43,Londrina
23265102,2021-03-31 05:30:00,tempsologra2cm,19.4,Londrina
23265102,2021-03-31 05:45:00,tempsologra2cm,19.34,Londrina
23265102,2021-03-31 06:00:00,tempsologra2cm,19.18,Londrina
23265102,2021-03-31 06:15:00,tempsologra2cm,19.11,Londrina
23265102,2021-03-31 06:30:00,tempsologra2cm,19.05,Londrina
23265102,2021-03-31 06:45:00,tempsologra2cm,18.98,Londrina
23265102,2021-03-31 07:00:00,tempsologra2cm,18.95,Londrina
23265102,2021-03-31 07:15:00,tempsologra2cm,18.82,Londrina
23265102,2021-03-31 07:30:00,tempsologra2cm,18.73,Londrina
23265102,2021-03-31 07:45:00,tempsologra2cm,18.62,Londrina
23265102,2021-03-31 08:00:00,tempsologra2cm,18.56,Londrina
23265102,2021-03-31 08:15:00,tempsologra2cm,18.73,Londrina
23265102,2021-03-31 08:30:00,tempsologra2cm,18.98,Londrina
23265102,2021-03-31 08:45:00,tempsologra2cm,19.25,Londrina
23265102,2021-03-31 09:00:00,tempsologra2cm,19.56,Londrina
23265102,2021-03-31 09:15:00,tempsologra2cm,20.03,Londrina
23265102,2021-03-31 09:30:00,tempsologra2cm,20.65,Londrina
23265102,2021-03-31 09:45:00,tempsologra2cm,21.31,Londrina
23265102,2021-03-31 10:00:00,tempsologra2cm,21.93,Londrina
23265102,2021-03-31 10:15:00,tempsologra2cm,22.79,Londrina
23265102,2021-03-31 10:30:00,tempsologra2cm,23.74,Londrina
23265102,2021-03-31 10:45:00,tempsologra2cm,24.82,Londrina
23265102,2021-03-31 11:00:00,tempsologra2cm,26.82,Londrina
23265102,2021-03-31 11:15:00,tempsologra2cm,27.61,Londrina
23265102,2021-03-31 11:30:00,tempsologra2cm,27.56,Londrina
23265102,2021-03-31 11:45:00,tempsologra2cm,27.97,Londrina
23265102,2021-03-31 12:00:00,tempsologra2cm,28.44,Londrina
23265102,2021-03-31 12:15:00,tempsologra2cm,28.58,Londrina
23265102,2021-03-31 12:30:00,tempsologra2cm,28.9,Londrina
23265102,2021-03-31 12:45:00,tempsologra2cm,29.36,Londrina
23265102,2021-03-31 13:00:00,tempsologra2cm,29.65,Londrina
23265102,2021-03-31 13:15:00,tempsologra2cm,29.48,Londrina
23265102,2021-03-31 13:30:00,tempsologra2cm,29.82,Londrina
23265102,2021-03-31 13:45:00,tempsologra2cm,30.7,Londrina
23265102,2021-03-31 14:00:00,tempsologra2cm,30.9,Londrina
23265102,2021-03-31 14:15:00,tempsologra2cm,31.43,Londrina
23265102,2021-03-31 14:30:00,tempsologra2cm,32.08,Londrina
23265102,2021-03-31 14:45:00,tempsologra2cm,31.36,Londrina
23265102,2021-03-31 15:00:00,tempsologra2cm,30.99,Londrina
23265102,2021-03-31 15:15:00,tempsologra2cm,30.37,Londrina
23265102,2021-03-31 15:30:00,tempsologra2cm,29.62,Londrina
23265102,2021-03-31 15:45:00,tempsologra2cm,28.86,Londrina
23265102,2021-03-31 16:00:00,tempsologra2cm,28.19,Londrina
23265102,2021-03-31 16:15:00,tempsologra2cm,28.05,Londrina
23265102,2021-03-31 16:30:00,tempsologra2cm,27.78,Londrina
23265102,2021-03-31 16:45:00,tempsologra2cm,27.27,Londrina
23265102,2021-03-31 17:00:00,tempsologra2cm,27.12,Londrina
23265102,2021-03-31 17:15:00,tempsologra2cm,26.82,Londrina
23265102,2021-03-31 17:30:00,tempsologra2cm,26.55,Londrina
23265102,2021-03-31 17:45:00,tempsologra2cm,26.26,Londrina
23265102,2021-03-31 18:00:00,tempsologra2cm,25.86,Londrina
23265102,2021-03-31 18:15:00,tempsologra2cm,25.26,Londrina
23265102,2021-03-31 18:30:00,tempsologra2cm,24.77,Londrina
23265102,2021-03-31 18:45:00,tempsologra2cm,24.19,Londrina
23265102,2021-03-31 19:00:00,tempsologra2cm,23.42,Londrina
23265102,2021-03-31 19:15:00,tempsologra2cm,22.77,Londrina
23265102,2021-03-31 19:30:00,tempsologra2cm,22.17,Londrina
23265102,2021-03-31 19:45:00,tempsologra2cm,21.76,Londrina
23265102,2021-03-31 20:00:00,tempsologra2cm,21.52,Londrina
23265102,2021-03-31 20:15:00,tempsologra2cm,21.32,Londrina
23265102,2021-03-31 20:30:00,tempsologra2cm,21.2,Londrina
23265102,2021-03-31 20:45:00,tempsologra2cm,20.97,Londrina
23265102,2021-03-31 21:00:00,tempsologra2cm,20.74,Londrina
23265102,2021-03-31 21:15:00,tempsologra2cm,20.49,Londrina
23265102,2021-03-31 21:30:00,tempsologra2cm,20.19,Londrina
23265102,2021-03-31 21:45:00,tempsologra2cm,19.86,Londrina
23265102,2021-03-31 22:00:00,tempsologra2cm,19.79,Londrina
23265102,2021-03-31 22:15:00,tempsologra2cm,19.73,Londrina
23265102,2021-03-31 22:30:00,tempsologra2cm,19.56,Londrina
23265102,2021-03-31 22:45:00,tempsologra2cm,19.28,Londrina
23265102,2021-03-31 23:00:00,tempsologra2cm,19.05,Londrina
23265102,2021-03-31 23:15:00,tempsologra2cm,18.9,Londrina
23265102,2021-03-31 23:30:00,tempsologra2cm,18.81,Londrina
23265102,2021-03-31 23:45:00,tempsologra2cm,18.73,Londrina
23265102,2021-04-01 00:00:00,tempsologra2cm,18.7,Londrina
23265102,2021-04-01 00:15:00,tempsologra2cm,18.72,Londrina
23265102,2021-04-01 00:30:00,tempsologra2cm,18.63,Londrina
23265102,2021-04-01 00:45:00,tempsologra2cm,18.33,Londrina
23265102,2021-04-01 01:00:00,tempsologra2cm,18.18,Londrina
23265102,2021-04-01 01:15:00,tempsologra2cm,18.03,Londrina
23265102,2021-04-01 01:30:00,tempsologra2cm,18.0,Londrina
23265102,2021-04-01 01:45:00,tempsologra2cm,17.77,Londrina
23265102,2021-04-01 02:00:00,tempsologra2cm,17.55,Londrina
23265102,2021-04-01 02:15:00,tempsologra2cm,17.53,Londrina
23265102,2021-04-01 02:30:00,tempsologra2cm,17.58,Londrina
23265102,2021-04-01 02:45:00,tempsologra2cm,17.61,Londrina
23265102,2021-04-01 03:00:00,tempsologra2cm,17.62,Londrina
23265102,2021-04-01 03:15:00,tempsologra2cm,17.48,Londrina
23265102,2021-04-01 03:30:00,tempsologra2cm,17.25,Londrina
23265102,2021-04-01 03:45:00,tempsologra2cm,17.13,Londrina
23265102,2021-04-01 04:00:00,tempsologra2cm,17.16,Londrina
23265102,2021-04-01 04:15:00,tempsologra2cm,17.04,Londrina
23265102,2021-04-01 04:30:00,tempsologra2cm,16.91,Londrina
23265102,2021-04-01 04:45:00,tempsologra2cm,16.82,Londrina
23265102,2021-04-01 05:00:00,tempsologra2cm,16.81,Londrina
23265102,2021-04-01 05:15:00,tempsologra2cm,16.76,Londrina
23265102,2021-04-01 05:30:00,tempsologra2cm,16.64,Londrina
23265102,2021-04-01 05:45:00,tempsologra2cm,16.56,Londrina
23265102,2021-04-01 06:00:00,tempsologra2cm,16.49,Londrina
23265102,2021-04-01 06:15:00,tempsologra2cm,16.31,Londrina
23265102,2021-04-01 06:30:00,tempsologra2cm,16.18,Londrina
23265102,2021-04-01 06:45:00,tempsologra2cm,16.09,Londrina
23265102,2021-04-01 07:00:00,tempsologra2cm,16.07,Londrina
23265102,2021-04-01 07:15:00,tempsologra2cm,16.0,Londrina
23265102,2021-04-01 07:30:00,tempsologra2cm,15.87,Londrina
23265102,2021-04-01 07:45:00,tempsologra2cm,15.82,Londrina
23265102,2021-04-01 08:00:00,tempsologra2cm,15.85,Londrina
23265102,2021-04-01 08:15:00,tempsologra2cm,16.11,Londrina
23265102,2021-04-01 08:30:00,tempsologra2cm,16.53,Londrina
23265102,2021-04-01 08:45:00,tempsologra2cm,17.05,Londrina
23265102,2021-04-01 09:00:00,tempsologra2cm,17.55,Londrina
23265102,2021-04-01 09:15:00,tempsologra2cm,18.12,Londrina
23265102,2021-04-01 09:30:00,tempsologra2cm,18.84,Londrina
23265102,2021-04-01 09:45:00,tempsologra2cm,19.71,Londrina
23265102,2021-04-01 10:00:00,tempsologra2cm,20.53,Londrina
23265102,2021-04-01 10:15:00,tempsologra2cm,21.47,Londrina
23265102,2021-04-01 10:30:00,tempsologra2cm,22.58,Londrina
23265102,2021-04-01 10:45:00,tempsologra2cm,24.13,Londrina
23265102,2021-04-01 11:00:00,tempsologra2cm,26.21,Londrina
23265102,2021-04-01 11:15:00,tempsologra2cm,26.76,Londrina
23265102,2021-04-01 11:30:00,tempsologra2cm,26.71,Londrina
23265102,2021-04-01 11:45:00,tempsologra2cm,27.52,Londrina
23265102,2021-04-01 12:00:00,tempsologra2cm,28.9,Londrina
23265102,2021-04-01 12:15:00,tempsologra2cm,28.63,Londrina
23265102,2021-04-01 12:30:00,tempsologra2cm,29.06,Londrina
23265102,2021-04-01 12:45:00,tempsologra2cm,29.49,Londrina
23265102,2021-04-01 13:00:00,tempsologra2cm,29.51,Londrina
23265102,2021-04-01 13:15:00,tempsologra2cm,29.59,Londrina
23265102,2021-04-01 13:30:00,tempsologra2cm,30.02,Londrina
23265102,2021-04-01 13:45:00,tempsologra2cm,30.45,Londrina
23265102,2021-04-01 14:00:00,tempsologra2cm,30.73,Londrina
23265102,2021-04-01 14:15:00,tempsologra2cm,32.16,Londrina
23265102,2021-04-01 14:30:00,tempsologra2cm,32.67,Londrina
23265102,2021-04-01 14:45:00,tempsologra2cm,32.27,Londrina
23265102,2021-04-01 15:00:00,tempsologra2cm,31.32,Londrina
23265102,2021-04-01 15:15:00,tempsologra2cm,30.42,Londrina
23265102,2021-04-01 15:30:00,tempsologra2cm,29.58,Londrina
23265102,2021-04-01 15:45:00,tempsologra2cm,28.86,Londrina
23265102,2021-04-01 16:00:00,tempsologra2cm,28.67,Londrina
23265102,2021-04-01 16:15:00,tempsologra2cm,28.12,Londrina
23265102,2021-04-01 16:30:00,tempsologra2cm,27.48,Londrina
23265102,2021-04-01 16:45:00,tempsologra2cm,27.3,Londrina
23265102,2021-04-01 17:00:00,tempsologra2cm,26.91,Londrina
23265102,2021-04-01 17:15:00,tempsologra2cm,26.48,Londrina
23265102,2021-04-01 17:30:00,tempsologra2cm,26.06,Londrina
23265102,2021-04-01 17:45:00,tempsologra2cm,25.72,Londrina
23265102,2021-04-01 18:00:00,tempsologra2cm,25.07,Londrina
23265102,2021-04-01 18:15:00,tempsologra2cm,24.65,Londrina
23265102,2021-04-01 18:30:00,tempsologra2cm,24.27,Londrina
23265102,2021-04-01 18:45:00,tempsologra2cm,23.55,Londrina
23265102,2021-04-01 19:00:00,tempsologra2cm,22.79,Londrina
23265102,2021-04-01 19:15:00,tempsologra2cm,21.96,Londrina
23265102,2021-04-01 19:30:00,tempsologra2cm,21.29,Londrina
23265102,2021-04-01 19:45:00,tempsologra2cm,20.74,Londrina
23265102,2021-04-01 20:00:00,tempsologra2cm,20.28,Londrina
23265102,2021-04-01 20:15:00,tempsologra2cm,20.01,Londrina
23265102,2021-04-01 20:30:00,tempsologra2cm,20.03,Londrina
23265102,2021-04-01 20:45:00,tempsologra2cm,20.13,Londrina
23265102,2021-04-01 21:00:00,tempsologra2cm,20.1,Londrina
23265102,2021-04-01 21:15:00,tempsologra2cm,19.93,Londrina
23265102,2021-04-01 21:30:00,tempsologra2cm,19.5,Londrina
23265102,2021-04-01 21:45:00,tempsologra2cm,19.18,Londrina
23265102,2021-04-01 22:00:00,tempsologra2cm,18.87,Londrina
23265102,2021-04-01 22:15:00,tempsologra2cm,18.54,Londrina
23265102,2021-04-01 22:30:00,tempsologra2cm,18.41,Londrina
23265102,2021-04-01 22:45:00,tempsologra2cm,18.36,Londrina
23265102,2021-04-01 23:00:00,tempsologra2cm,18.2,Londrina
23265102,2021-04-01 23:15:00,tempsologra2cm,18.19,Londrina
23265102,2021-04-01 23:30:00,tempsologra2cm,18.11,Londrina
23265102,2021-04-01 23:45:00,tempsologra2cm,18.0,Londrina
23265102,2021-04-02 00:00:00,tempsologra2cm,17.88,Londrina
23265102,2021-04-02 00:15:00,tempsologra2cm,17.8,Londrina
23265102,2021-04-02 00:30:00,tempsologra2cm,17.7,Londrina
23265102,2021-04-02 00:45:00,tempsologra2cm,17.57,Londrina
23265102,2021-04-02 01:00:00,tempsologra2cm,17.41,Londrina
23265102,2021-04-02 01:15:00,tempsologra2cm,17.42,Londrina
23265102,2021-04-02 01:30:00,tempsologra2cm,17.5,Londrina
23265102,2021-04-02 01:45:00,tempsologra2cm,17.63,Londrina
23265102,2021-04-02 02:00:00,tempsologra2cm,17.7,Londrina
23265102,2021-04-02 02:15:00,tempsologra2cm,17.65,Londrina
23265102,2021-04-02 02:30:00,tempsologra2cm,17.72,Londrina
23265102,2021-04-02 02:45:00,tempsologra2cm,17.73,Londrina
23265102,2021-04-02 03:00:00,tempsologra2cm,17.74,Londrina
23265102,2021-04-02 03:15:00,tempsologra2cm,17.77,Londrina
23265102,2021-04-02 03:30:00,tempsologra2cm,17.76,Londrina
23265102,2021-04-02 03:45:00,tempsologra2cm,17.76,Londrina
23265102,2021-04-02 04:00:00,tempsologra2cm,17.76,Londrina
23265102,2021-04-02 04:15:00,tempsologra2cm,17.57,Londrina
23265102,2021-04-02 04:30:00,tempsologra2cm,17.48,Londrina
23265102,2021-04-02 04:45:00,tempsologra2cm,17.53,Londrina
23265102,2021-04-02 05:00:00,tempsologra2cm,17.55,Londrina
23265102,2021-04-02 05:15:00,tempsologra2cm,17.54,Londrina
23265102,2021-04-02 05:30:00,tempsologra2cm,17.44,Londrina
23265102,2021-04-02 05:45:00,tempsologra2cm,17.21,Londrina
23265102,2021-04-02 06:00:00,tempsologra2cm,17.17,Londrina
23265102,2021-04-02 06:15:00,tempsologra2cm,17.02,Londrina
23265102,2021-04-02 06:30:00,tempsologra2cm,16.86,Londrina
23265102,2021-04-02 06:45:00,tempsologra2cm,16.76,Londrina
23265102,2021-04-02 07:00:00,tempsologra2cm,16.91,Londrina
23265102,2021-04-02 07:15:00,tempsologra2cm,17.03,Londrina
23265102,2021-04-02 07:30:00,tempsologra2cm,17.08,Londrina
23265102,2021-04-02 07:45:00,tempsologra2cm,17.09,Londrina
23265102,2021-04-02 08:00:00,tempsologra2cm,17.15,Londrina
23265102,2021-04-02 08:15:00,tempsologra2cm,17.31,Londrina
23265102,2021-04-02 08:30:00,tempsologra2cm,17.67,Londrina
23265102,2021-04-02 08:45:00,tempsologra2cm,18.06,Londrina
23265102,2021-04-02 09:00:00,tempsologra2cm,18.53,Londrina
23265102,2021-04-02 09:15:00,tempsologra2cm,19.04,Londrina
23265102,2021-04-02 09:30:00,tempsologra2cm,19.66,Londrina
23265102,2021-04-02 09:45:00,tempsologra2cm,20.48,Londrina
23265102,2021-04-02 10:00:00,tempsologra2cm,21.35,Londrina
23265102,2021-04-02 10:15:00,tempsologra2cm,22.34,Londrina
23265102,2021-04-02 10:30:00,tempsologra2cm,23.69,Londrina
23265102,2021-04-02 10:45:00,tempsologra2cm,25.23,Londrina
23265102,2021-04-02 11:00:00,tempsologra2cm,27.13,Londrina
23265102,2021-04-02 11:15:00,tempsologra2cm,28.01,Londrina
23265102,2021-04-02 11:30:00,tempsologra2cm,28.8,Londrina
23265102,2021-04-02 11:45:00,tempsologra2cm,29.12,Londrina
23265102,2021-04-02 12:00:00,tempsologra2cm,30.68,Londrina
23265102,2021-04-02 12:15:00,tempsologra2cm,30.58,Londrina
23265102,2021-04-02 12:30:00,tempsologra2cm,30.42,Londrina
23265102,2021-04-02 12:45:00,tempsologra2cm,30.95,Londrina
23265102,2021-04-02 13:00:00,tempsologra2cm,31.1,Londrina
23265102,2021-04-02 13:15:00,tempsologra2cm,31.47,Londrina
23265102,2021-04-02 13:30:00,tempsologra2cm,31.62,Londrina
23265102,2021-04-02 13:45:00,tempsologra2cm,32.08,Londrina
23265102,2021-04-02 14:00:00,tempsologra2cm,32.43,Londrina
23265102,2021-04-02 14:15:00,tempsologra2cm,33.66,Londrina
23265102,2021-04-02 14:30:00,tempsologra2cm,34.57,Londrina
23265102,2021-04-02 14:45:00,tempsologra2cm,34.37,Londrina
23265102,2021-04-02 15:00:00,tempsologra2cm,33.89,Londrina
23265102,2021-04-02 15:15:00,tempsologra2cm,31.98,Londrina
23265102,2021-04-02 15:30:00,tempsologra2cm,31.22,Londrina
23265102,2021-04-02 15:45:00,tempsologra2cm,30.65,Londrina
23265102,2021-04-02 16:00:00,tempsologra2cm,29.81,Londrina
23265102,2021-04-02 16:15:00,tempsologra2cm,29.38,Londrina
23265102,2021-04-02 16:30:00,tempsologra2cm,28.8,Londrina
23265102,2021-04-02 16:45:00,tempsologra2cm,28.33,Londrina
23265102,2021-04-02 17:00:00,tempsologra2cm,27.92,Londrina
23265102,2021-04-02 17:15:00,tempsologra2cm,27.57,Londrina
23265102,2021-04-02 17:30:00,tempsologra2cm,27.2,Londrina
23265102,2021-04-02 17:45:00,tempsologra2cm,26.79,Londrina
23265102,2021-04-02 18:00:00,tempsologra2cm,26.19,Londrina
23265102,2021-04-02 18:15:00,tempsologra2cm,25.52,Londrina
23265102,2021-04-02 18:30:00,tempsologra2cm,24.84,Londrina
23265102,2021-04-02 18:45:00,tempsologra2cm,24.09,Londrina
23265102,2021-04-02 19:00:00,tempsologra2cm,23.16,Londrina
23265102,2021-04-02 19:15:00,tempsologra2cm,22.35,Londrina
23265102,2021-04-02 19:30:00,tempsologra2cm,21.56,Londrina
23265102,2021-04-02 19:45:00,tempsologra2cm,20.79,Londrina
23265102,2021-04-02 20:00:00,tempsologra2cm,20.75,Londrina
23265102,2021-04-02 20:15:00,tempsologra2cm,20.72,Londrina
23265102,2021-04-02 20:30:00,tempsologra2cm,20.62,Londrina
23265102,2021-04-02 20:45:00,tempsologra2cm,20.47,Londrina
23265102,2021-04-02 21:00:00,tempsologra2cm,20.24,Londrina
23265102,2021-04-02 21:15:00,tempsologra2cm,19.94,Londrina
23265102,2021-04-02 21:30:00,tempsologra2cm,19.55,Londrina
23265102,2021-04-02 21:45:00,tempsologra2cm,19.45,Londrina
23265102,2021-04-02 22:00:00,tempsologra2cm,19.17,Londrina
23265102,2021-04-02 22:15:00,tempsologra2cm,18.84,Londrina
23265102,2021-04-02 22:30:00,tempsologra2cm,18.84,Londrina
23265102,2021-04-02 22:45:00,tempsologra2cm,18.66,Londrina
23265102,2021-04-02 23:00:00,tempsologra2cm,18.35,Londrina
23265102,2021-04-02 23:15:00,tempsologra2cm,18.34,Londrina
23265102,2021-04-02 23:30:00,tempsologra2cm,18.41,Londrina
23265102,2021-04-02 23:45:00,tempsologra2cm,18.31,Londrina
23265102,2021-04-03 00:00:00,tempsologra2cm,18.32,Londrina
23265102,2021-04-03 00:15:00,tempsologra2cm,18.28,Londrina
23265102,2021-04-03 00:30:00,tempsologra2cm,18.37,Londrina
23265102,2021-04-03 00:45:00,tempsologra2cm,18.24,Londrina
23265102,2021-04-03 01:00:00,tempsologra2cm,18.15,Londrina
23265102,2021-04-03 01:15:00,tempsologra2cm,18.21,Londrina
23265102,2021-04-03 01:30:00,tempsologra2cm,18.23,Londrina
23265102,2021-04-03 01:45:00,tempsologra2cm,18.09,Londrina
23265102,2021-04-03 02:00:00,tempsologra2cm,18.1,Londrina
23265102,2021-04-03 02:15:00,tempsologra2cm,17.95,Londrina
23265102,2021-04-03 02:30:00,tempsologra2cm,17.86,Londrina
23265102,2021-04-03 02:45:00,tempsologra2cm,17.79,Londrina
23265102,2021-04-03 03:00:00,tempsologra2cm,17.84,Londrina
23265102,2021-04-03 03:15:00,tempsologra2cm,17.79,Londrina
23265102,2021-04-03 03:30:00,tempsologra2cm,17.64,Londrina
23265102,2021-04-03 03:45:00,tempsologra2cm,17.54,Londrina
23265102,2021-04-03 04:00:00,tempsologra2cm,17.59,Londrina
23265102,2021-04-03 04:15:00,tempsologra2cm,17.75,Londrina
23265102,2021-04-03 04:30:00,tempsologra2cm,17.89,Londrina
23265102,2021-04-03 04:45:00,tempsologra2cm,17.88,Londrina
23265102,2021-04-03 05:00:00,tempsologra2cm,17.76,Londrina
23265102,2021-04-03 05:15:00,tempsologra2cm,17.64,Londrina
23265102,2021-04-03 05:30:00,tempsologra2cm,17.6,Londrina
23265102,2021-04-03 05:45:00,tempsologra2cm,17.62,Londrina
23265102,2021-04-03 06:00:00,tempsologra2cm,17.5,Londrina
23265102,2021-04-03 06:15:00,tempsologra2cm,17.32,Londrina
23265102,2021-04-03 06:30:00,tempsologra2cm,17.25,Londrina
23265102,2021-04-03 06:45:00,tempsologra2cm,17.26,Londrina
23265102,2021-04-03 07:00:00,tempsologra2cm,17.25,Londrina
23265102,2021-04-03 07:15:00,tempsologra2cm,17.17,Londrina
23265102,2021-04-03 07:30:00,tempsologra2cm,17.19,Londrina
23265102,2021-04-03 07:45:00,tempsologra2cm,17.12,Londrina
23265102,2021-04-03 08:00:00,tempsologra2cm,17.11,Londrina
23265102,2021-04-03 08:15:00,tempsologra2cm,17.33,Londrina
23265102,2021-04-03 08:30:00,tempsologra2cm,17.76,Londrina
23265102,2021-04-03 08:45:00,tempsologra2cm,18.26,Londrina
23265102,2021-04-03 09:00:00,tempsologra2cm,18.9,Londrina
23265102,2021-04-03 09:15:00,tempsologra2cm,19.56,Londrina
23265102,2021-04-03 09:30:00,tempsologra2cm,20.28,Londrina
23265102,2021-04-03 09:45:00,tempsologra2cm,20.98,Londrina
23265102,2021-04-03 10:00:00,tempsologra2cm,21.74,Londrina
23265102,2021-04-03 10:15:00,tempsologra2cm,22.64,Londrina
23265102,2021-04-03 10:30:00,tempsologra2cm,23.78,Londrina
23265102,2021-04-03 10:45:00,tempsologra2cm,25.62,Londrina
23265102,2021-04-03 11:00:00,tempsologra2cm,27.17,Londrina
23265102,2021-04-03 11:15:00,tempsologra2cm,28.03,Londrina
23265102,2021-04-03 11:30:00,tempsologra2cm,28.73,Londrina
23265102,2021-04-03 11:45:00,tempsologra2cm,29.35,Londrina
23265102,2021-04-03 12:00:00,tempsologra2cm,30.82,Londrina
23265102,2021-04-03 12:15:00,tempsologra2cm,31.35,Londrina
23265102,2021-04-03 12:30:00,tempsologra2cm,31.19,Londrina
23265102,2021-04-03 12:45:00,tempsologra2cm,31.97,Londrina
23265102,2021-04-03 13:00:00,tempsologra2cm,31.97,Londrina
23265102,2021-04-03 13:15:00,tempsologra2cm,31.99,Londrina
23265102,2021-04-03 13:30:00,tempsologra2cm,32.35,Londrina
23265102,2021-04-03 13:45:00,tempsologra2cm,33.18,Londrina
23265102,2021-04-03 14:00:00,tempsologra2cm,33.45,Londrina
23265102,2021-04-03 14:15:00,tempsologra2cm,34.57,Londrina
23265102,2021-04-03 14:30:00,tempsologra2cm,35.31,Londrina
23265102,2021-04-03 14:45:00,tempsologra2cm,34.53,Londrina
23265102,2021-04-03 15:00:00,tempsologra2cm,33.89,Londrina
23265102,2021-04-03 15:15:00,tempsologra2cm,32.88,Londrina
23265102,2021-04-03 15:30:00,tempsologra2cm,32.39,Londrina
23265102,2021-04-03 15:45:00,tempsologra2cm,31.59,Londrina
23265102,2021-04-03 16:00:00,tempsologra2cm,31.0,Londrina
23265102,2021-04-03 16:15:00,tempsologra2cm,30.51,Londrina
23265102,2021-04-03 16:30:00,tempsologra2cm,30.07,Londrina
23265102,2021-04-03 16:45:00,tempsologra2cm,29.65,Londrina
23265102,2021-04-03 17:00:00,tempsologra2cm,29.08,Londrina
23265102,2021-04-03 17:15:00,tempsologra2cm,28.59,Londrina
23265102,2021-04-03 17:30:00,tempsologra2cm,28.19,Londrina
23265102,2021-04-03 17:45:00,tempsologra2cm,27.71,Londrina
23265102,2021-04-03 18:00:00,tempsologra2cm,27.03,Londrina
23265102,2021-04-03 18:15:00,tempsologra2cm,26.33,Londrina
23265102,2021-04-03 18:30:00,tempsologra2cm,25.65,Londrina
23265102,2021-04-03 18:45:00,tempsologra2cm,24.87,Londrina
23265102,2021-04-03 19:00:00,tempsologra2cm,24.27,Londrina
23265102,2021-04-03 19:15:00,tempsologra2cm,23.71,Londrina
23265102,2021-04-03 19:30:00,tempsologra2cm,23.14,Londrina
23265102,2021-04-03 19:45:00,tempsologra2cm,22.68,Londrina
23265102,2021-04-03 20:00:00,tempsologra2cm,22.3,Londrina
23265102,2021-04-03 20:15:00,tempsologra2cm,21.93,Londrina
23265102,2021-04-03 20:30:00,tempsologra2cm,21.59,Londrina
23265102,2021-04-03 20:45:00,tempsologra2cm,21.35,Londrina
23265102,2021-04-03 21:00:00,tempsologra2cm,21.3,Londrina
23265102,2021-04-03 21:15:00,tempsologra2cm,21.17,Londrina
23265102,2021-04-03 21:30:00,tempsologra2cm,20.98,Londrina
23265102,2021-04-03 21:45:00,tempsologra2cm,20.65,Londrina
23265102,2021-04-03 22:00:00,tempsologra2cm,20.52,Londrina
23265102,2021-04-03 22:15:00,tempsologra2cm,20.45,Londrina
23265102,2021-04-03 22:30:00,tempsologra2cm,20.54,Londrina
23265102,2021-04-03 22:45:00,tempsologra2cm,20.51,Londrina
23265102,2021-04-03 23:00:00,tempsologra2cm,20.28,Londrina
23265102,2021-04-03 23:15:00,tempsologra2cm,20.04,Londrina
23265102,2021-04-03 23:30:00,tempsologra2cm,19.69,Londrina
23265102,2021-04-03 23:45:00,tempsologra2cm,19.47,Londrina
23265102,2021-04-04 00:00:00,tempsologra2cm,19.38,Londrina
